item,ad_page,ad_order,ad_code,assessment,ad_url,ad_last_updated,old_text,new_text,datetime
1,1,1,CA0068,Recently Updated,N/A,11/11/2022 21:23:36,N/A,N/A,11/11/2022 21:54:10
2,1,2,CA0067,Recently Updated,N/A,11/11/2022 21:23:42,N/A,N/A,11/11/2022 21:54:10
3,1,3,AP0290,Recently Updated,N/A,11/11/2022 21:23:49,N/A,N/A,11/11/2022 21:54:10
4,1,4,AP0289,Recently Updated,N/A,11/11/2022 20:14:54,N/A,N/A,11/11/2022 21:54:10
5,1,5,AP0288,Recently Updated,N/A,11/11/2022 20:15:02,N/A,N/A,11/11/2022 21:54:10
6,1,6,CA0066,Recently Updated,N/A,11/11/2022 21:23:56,N/A,N/A,11/11/2022 21:54:10
7,1,7,CA0065,Recently Updated,N/A,11/11/2022 20:22:35,N/A,N/A,11/11/2022 21:54:10
8,1,8,AL0005,Recently Updated,N/A,11/11/2022 20:22:45,N/A,N/A,11/11/2022 21:54:10
9,1,9,AP0287,Recently Updated,N/A,11/11/2022 20:01:15,N/A,N/A,11/11/2022 21:54:10
10,1,10,CA0064,Recently Updated,N/A,11/11/2022 21:26:41,N/A,N/A,11/11/2022 21:54:10
11,2,1,CA0063,Recently Updated,N/A,11/11/2022 20:02:08,N/A,N/A,11/11/2022 21:54:16
12,2,2,CO0028,Recently Updated,N/A,11/11/2022 20:23:06,N/A,N/A,11/11/2022 21:54:16
13,2,3,SA0005,Recently Updated,N/A,11/11/2022 20:23:16,N/A,N/A,11/11/2022 21:54:16
14,2,4,AP0286,Recently Updated,N/A,11/11/2022 20:23:28,N/A,N/A,11/11/2022 21:54:16
15,2,5,AP0285,Recently Updated,N/A,11/11/2022 20:23:38,N/A,N/A,11/11/2022 21:54:16
16,2,6,AL0003,Recently Updated,N/A,11/11/2022 21:26:54,N/A,N/A,11/11/2022 21:54:16
17,2,7,AP0284,Recently Updated,N/A,11/11/2022 20:23:50,N/A,N/A,11/11/2022 21:54:17
18,2,8,AP0283,Recently Updated,N/A,11/11/2022 20:24:03,N/A,N/A,11/11/2022 21:54:17
19,2,9,CA0062,Recently Updated,N/A,11/11/2022 20:24:19,N/A,N/A,11/11/2022 21:54:17
20,2,10,AP0282,Recently Updated,N/A,11/11/2022 20:24:29,N/A,N/A,11/11/2022 21:54:17
21,3,1,CA0063,Recently Updated,N/A,11/11/2022 20:02:08,N/A,N/A,11/11/2022 21:54:22
22,3,2,CO0028,Recently Updated,N/A,11/11/2022 20:23:06,N/A,N/A,11/11/2022 21:54:22
23,3,3,SA0005,Recently Updated,N/A,11/11/2022 20:23:16,N/A,N/A,11/11/2022 21:54:22
24,3,4,AP0286,Recently Updated,N/A,11/11/2022 20:23:28,N/A,N/A,11/11/2022 21:54:22
25,3,5,AP0285,Recently Updated,N/A,11/11/2022 20:23:38,N/A,N/A,11/11/2022 21:54:22
26,3,6,AL0003,Recently Updated,N/A,11/11/2022 21:26:54,N/A,N/A,11/11/2022 21:54:22
27,3,7,AP0284,Recently Updated,N/A,11/11/2022 20:23:50,N/A,N/A,11/11/2022 21:54:22
28,3,8,AP0283,Recently Updated,N/A,11/11/2022 20:24:03,N/A,N/A,11/11/2022 21:54:22
29,3,9,CA0062,Recently Updated,N/A,11/11/2022 20:24:19,N/A,N/A,11/11/2022 21:54:22
30,3,10,AP0282,Recently Updated,N/A,11/11/2022 20:24:29,N/A,N/A,11/11/2022 21:54:22
31,4,1,AP0281,Recently Updated,N/A,11/11/2022 20:25:56,N/A,N/A,11/11/2022 21:54:27
32,4,2,CA0061,Recently Updated,N/A,11/11/2022 21:27:14,N/A,N/A,11/11/2022 21:54:27
33,4,3,AP0280,Recently Updated,N/A,11/11/2022 20:24:48,N/A,N/A,11/11/2022 21:54:27
34,4,4,AP0279,Recently Updated,N/A,11/11/2022 21:42:14,N/A,N/A,11/11/2022 21:54:27
35,4,5,AP0278,Recently Updated,N/A,11/11/2022 20:25:02,N/A,N/A,11/11/2022 21:54:27
36,4,6,AP0277,Recently Updated,N/A,11/11/2022 20:25:14,N/A,N/A,11/11/2022 21:54:27
37,4,7,AP0275,Recently Updated,N/A,11/11/2022 21:48:13,N/A,N/A,11/11/2022 21:54:28
38,4,8,AP0274,Recently Updated,N/A,11/11/2022 20:25:23,N/A,N/A,11/11/2022 21:54:28
39,4,9,AP0273,Recently Updated,N/A,11/11/2022 20:25:32,N/A,N/A,11/11/2022 21:54:28
40,4,10,AP0272,Recently Updated,N/A,11/11/2022 20:25:40,N/A,N/A,11/11/2022 21:54:28
41,5,1,AL0006,Recently Updated,N/A,11/11/2022 20:27:38,N/A,N/A,11/11/2022 21:54:33
42,5,2,AP0271,Recently Updated,N/A,11/11/2022 20:26:05,N/A,N/A,11/11/2022 21:54:33
43,5,3,AP0270,Recently Updated,N/A,11/11/2022 20:26:16,N/A,N/A,11/11/2022 21:54:33
44,5,4,AP0269,Recently Updated,N/A,11/11/2022 20:26:25,N/A,N/A,11/11/2022 21:54:33
45,5,5,AP0268,Recently Updated,N/A,11/11/2022 21:27:22,N/A,N/A,11/11/2022 21:54:33
46,5,6,AP0267,Recently Updated,N/A,11/11/2022 20:26:35,N/A,N/A,11/11/2022 21:54:33
47,5,7,AP0266,Recently Updated,N/A,11/11/2022 20:26:45,N/A,N/A,11/11/2022 21:54:33
48,5,8,AL0004,Recently Updated,N/A,11/11/2022 20:26:56,N/A,N/A,11/11/2022 21:54:33
49,5,9,AP0265,Recently Updated,N/A,11/11/2022 20:27:11,N/A,N/A,11/11/2022 21:54:33
50,5,10,CA0060,Recently Updated,N/A,11/11/2022 20:27:23,N/A,N/A,11/11/2022 21:54:33
51,6,1,AP0264,Recently Updated,N/A,11/11/2022 20:29:34,N/A,N/A,11/11/2022 21:54:38
52,6,2,AL0002,Recently Updated,N/A,11/11/2022 20:27:48,N/A,N/A,11/11/2022 21:54:39
53,6,3,AP0263,Recently Updated,N/A,11/11/2022 20:28:00,N/A,N/A,11/11/2022 21:54:39
54,6,4,SO0002,Recently Updated,N/A,11/11/2022 20:28:17,N/A,N/A,11/11/2022 21:54:39
55,6,5,AP0262,Recently Updated,N/A,11/11/2022 20:28:32,N/A,N/A,11/11/2022 21:54:39
56,6,6,CO0027,Recently Updated,N/A,11/11/2022 21:27:40,N/A,N/A,11/11/2022 21:54:39
57,6,7,AP0261,Recently Updated,N/A,11/11/2022 20:28:41,N/A,N/A,11/11/2022 21:54:39
58,6,8,AP0260,Recently Updated,N/A,11/11/2022 20:28:53,N/A,N/A,11/11/2022 21:54:39
59,6,9,AP0259,Recently Updated,N/A,11/11/2022 20:29:04,N/A,N/A,11/11/2022 21:54:39
60,6,10,ap0257,Recently Updated,N/A,11/11/2022 20:29:15,N/A,N/A,11/11/2022 21:54:39
61,7,1,AP0258,Recently Updated,N/A,11/11/2022 21:28:25,N/A,N/A,11/11/2022 21:54:44
62,7,2,AP0229,Recently Updated,N/A,11/11/2022 20:29:42,N/A,N/A,11/11/2022 21:54:44
63,7,3,AP0256,Recently Updated,N/A,11/11/2022 20:29:53,N/A,N/A,11/11/2022 21:54:44
64,7,4,CO0025,Recently Updated,N/A,11/11/2022 20:30:03,N/A,N/A,11/11/2022 21:54:44
65,7,5,CO0026,Recently Updated,N/A,11/11/2022 20:30:15,N/A,N/A,11/11/2022 21:54:44
66,7,6,AP0255,Recently Updated,N/A,11/11/2022 21:42:38,N/A,N/A,11/11/2022 21:54:44
67,7,7,AP0254,Recently Updated,N/A,11/11/2022 21:27:48,N/A,N/A,11/11/2022 21:54:44
68,7,8,AP0253,Recently Updated,N/A,11/11/2022 21:27:56,N/A,N/A,11/11/2022 21:54:44
69,7,9,AP0252,Recently Updated,N/A,11/11/2022 21:28:05,N/A,N/A,11/11/2022 21:54:44
70,7,10,AP0251,Recently Updated,N/A,11/11/2022 21:28:14,N/A,N/A,11/11/2022 21:54:44
71,8,1,CA0053,Recently Updated,N/A,11/11/2022 20:30:31,N/A,N/A,11/11/2022 21:54:50
72,8,2,AP0250,Recently Updated,N/A,11/11/2022 21:28:33,N/A,N/A,11/11/2022 21:54:50
73,8,3,AP0249,Recently Updated,N/A,11/11/2022 21:28:42,N/A,N/A,11/11/2022 21:54:50
74,8,4,CA0059,Recently Updated,N/A,11/11/2022 21:28:49,N/A,N/A,11/11/2022 21:54:50
75,8,5,CA0058,Recently Updated,N/A,11/11/2022 21:28:57,N/A,N/A,11/11/2022 21:54:50
76,8,6,AL0001,Recently Updated,N/A,11/11/2022 21:29:03,N/A,N/A,11/11/2022 21:54:50
77,8,7,AP0248,Recently Updated,N/A,11/11/2022 21:29:12,N/A,N/A,11/11/2022 21:54:50
78,8,8,AP0247,Recently Updated,N/A,11/11/2022 21:29:22,N/A,N/A,11/11/2022 21:54:50
79,8,9,AP0246,Recently Updated,N/A,11/11/2022 21:29:32,N/A,N/A,11/11/2022 21:54:50
80,8,10,CA0057,Recently Updated,N/A,11/11/2022 21:29:40,N/A,N/A,11/11/2022 21:54:50
81,9,1,CO0024,Recently Updated,N/A,11/11/2022 21:30:01,N/A,N/A,11/11/2022 21:54:55
82,9,2,AP0245,Recently Updated,N/A,11/11/2022 21:42:58,N/A,N/A,11/11/2022 21:54:55
83,9,3,AP0244,Recently Updated,N/A,11/11/2022 21:48:49,N/A,N/A,11/11/2022 21:54:55
84,9,4,AP0243,Default Text Found,https://canalpro.grupozap.com/ZAP_OLX/0/listings/update/2575673423,10/11/2022 00:37:47,"Asset imóveis vende especial apartamento, sol da manhã, vista livre, silencioso, piso em porcelanato, de 3 dormitórios com armários embutidos(Madeirol) e split, sendo 1 suíte, banheiro social,  ampla sala em 2 ambientes com varanda, cozinha com móveis planejados, lavanderia, quarto de empregada e banheiro de serviço, além de 2 vagas de garagem na escritura. O Condomínio, Oásis Resort, oferece a mais ampla infra, com piscina adulto, infantil, bar molhado, sauna, hidromassagem,  academia, bar e restaurante, brinquedoteca, espaço gourmet, salão de festas, sala de jogos, pista de cooper, além da segurança da portaria 24h e circuito interno de TV. A localização é privilegiada, em uma das melhores Praias da Região Oceânica de Niterói. A Asset Imóveis tem convênio com os maiores Bancos do País para aprovação e condução do seu crédito imobiliário, sem custo pelo serviço. Vale conferir!Asset imóveis vende especial apartamento, sol da manhã, vista livre, silencioso, piso em porcelanato, de 3 dormitórios com armários embutidos(Madeirol) e split, sendo 1 suíte, banheiro social,  ampla sala em 2 ambientes com varanda, cozinha com móveis planejados, lavanderia, quarto de empregada e banheiro de serviço, além de 2 vagas de garagem na escritura. O Condomínio, Oásis Resort, oferece a mais ampla infra, com piscina adulto, infantil, bar molhado, sauna, hidromassagem,  academia, bar e restaurante, brinquedoteca, espaço gourmet, salão de festas, sala de jogos, pista de cooper, além da segurança da portaria 24h e circuito interno de TV. A localização é privilegiada, em uma das melhores Praias da Região Oceânica de Niterói.  Vale conferir!","Asset imóveis vende especial apartamento, sol da manhã, vista livre, silencioso, piso em porcelanato, de 3 dormitórios com armários embutidos(Madeirol) e split, sendo 1 suíte, banheiro social,  ampla sala em 2 ambientes com varanda, cozinha com móveis planejados, lavanderia, quarto de empregada e banheiro de serviço, além de 2 vagas de garagem na escritura. O Condomínio, Oásis Resort, oferece a mais ampla infra, com piscina adulto, infantil, bar molhado, sauna, hidromassagem,  academia, bar e restaurante, brinquedoteca, espaço gourmet, salão de festas, sala de jogos, pista de cooper, além da segurança da portaria 24h e circuito interno de TV. A localização é privilegiada, em uma das melhores Praias da Região Oceânica de Niterói.  Vale conferir!Asset imóveis vende especial apartamento, sol da manhã, vista livre, silencioso, piso em porcelanato, de 3 dormitórios com armários embutidos(Madeirol) e split, sendo 1 suíte, banheiro social,  ampla sala em 2 ambientes com varanda, cozinha com móveis planejados, lavanderia, quarto de empregada e banheiro de serviço, além de 2 vagas de garagem na escritura. O Condomínio, Oásis Resort, oferece a mais ampla infra, com piscina adulto, infantil, bar molhado, sauna, hidromassagem,  academia, bar e restaurante, brinquedoteca, espaço gourmet, salão de festas, sala de jogos, pista de cooper, além da segurança da portaria 24h e circuito interno de TV. A localização é privilegiada, em uma das melhores Praias da Região Oceânica de Niterói.  Vale conferir!",11/11/2022 21:55:04
85,9,5,CA0054,Recently Updated,N/A,11/11/2022 21:30:32,N/A,N/A,11/11/2022 21:55:05
86,9,6,AP0231,Recently Updated,N/A,11/11/2022 21:30:40,N/A,N/A,11/11/2022 21:55:05
87,9,7,AP0230,Recently Updated,N/A,11/11/2022 21:30:48,N/A,N/A,11/11/2022 21:55:05
88,9,8,CA0052,Recently Updated,N/A,11/11/2022 21:30:57,N/A,N/A,11/11/2022 21:55:05
89,9,9,CA0051,Recently Updated,N/A,11/11/2022 21:31:05,N/A,N/A,11/11/2022 21:55:05
90,9,10,AP0228,Recently Updated,N/A,11/11/2022 21:31:15,N/A,N/A,11/11/2022 21:55:05
91,10,1,AP0235,Recently Updated,N/A,11/11/2022 21:31:29,N/A,N/A,11/11/2022 21:55:10
92,10,2,CA0055,Recently Updated,N/A,11/11/2022 21:30:08,N/A,N/A,11/11/2022 21:55:10
93,10,3,AP0233,Recently Updated,N/A,11/11/2022 21:30:17,N/A,N/A,11/11/2022 21:55:10
94,10,4,CA0056,Recently Updated,N/A,11/11/2022 21:30:24,N/A,N/A,11/11/2022 21:55:10
95,10,5,CA0054,Recently Updated,N/A,11/11/2022 21:30:32,N/A,N/A,11/11/2022 21:55:10
96,10,6,AP0231,Recently Updated,N/A,11/11/2022 21:30:40,N/A,N/A,11/11/2022 21:55:10
97,10,7,AP0230,Recently Updated,N/A,11/11/2022 21:30:48,N/A,N/A,11/11/2022 21:55:10
98,10,8,CA0052,Recently Updated,N/A,11/11/2022 21:30:57,N/A,N/A,11/11/2022 21:55:10
99,10,9,CA0051,Recently Updated,N/A,11/11/2022 21:31:05,N/A,N/A,11/11/2022 21:55:10
100,10,10,AP0228,Recently Updated,N/A,11/11/2022 21:31:15,N/A,N/A,11/11/2022 21:55:11
101,11,1,CA0050,Recently Updated,N/A,11/11/2022 21:33:02,N/A,N/A,11/11/2022 21:55:16
102,11,2,AP0221,Recently Updated,N/A,11/11/2022 21:31:40,N/A,N/A,11/11/2022 21:55:16
103,11,3,AP0220,Recently Updated,N/A,11/11/2022 21:31:50,N/A,N/A,11/11/2022 21:55:16
104,11,4,AP0217,Recently Updated,N/A,11/11/2022 21:31:59,N/A,N/A,11/11/2022 21:55:16
105,11,5,AP0216,Recently Updated,N/A,11/11/2022 21:32:09,N/A,N/A,11/11/2022 21:55:16
106,11,6,AP0215,Recently Updated,N/A,11/11/2022 21:32:18,N/A,N/A,11/11/2022 21:55:16
107,11,7,CO0022,Recently Updated,N/A,11/11/2022 21:32:26,N/A,N/A,11/11/2022 21:55:16
108,11,8,CA0049,Recently Updated,N/A,11/11/2022 21:32:33,N/A,N/A,11/11/2022 21:55:16
109,11,9,AP0073,Recently Updated,N/A,11/11/2022 21:32:41,N/A,N/A,11/11/2022 21:55:16
110,11,10,AP0210,Recently Updated,N/A,11/11/2022 21:32:50,N/A,N/A,11/11/2022 21:55:16
111,12,1,AP0056,Recently Updated,N/A,11/11/2022 21:34:26,N/A,N/A,11/11/2022 21:55:21
112,12,2,AP0068,Recently Updated,N/A,11/11/2022 21:33:10,N/A,N/A,11/11/2022 21:55:21
113,12,3,AP0138,Recently Updated,N/A,11/11/2022 21:33:20,N/A,N/A,11/11/2022 21:55:21
114,12,4,AP0161,Recently Updated,N/A,11/11/2022 21:33:32,N/A,N/A,11/11/2022 21:55:21
115,12,5,AP0160,Recently Updated,N/A,11/11/2022 21:33:39,N/A,N/A,11/11/2022 21:55:21
116,12,6,AP0194,Recently Updated,N/A,11/11/2022 21:33:47,N/A,N/A,11/11/2022 21:55:21
117,12,7,AP0117,Recently Updated,N/A,11/11/2022 21:33:55,N/A,N/A,11/11/2022 21:55:21
118,12,8,CO0014,Recently Updated,N/A,11/11/2022 21:34:03,N/A,N/A,11/11/2022 21:55:21
119,12,9,CA0037,Recently Updated,N/A,11/11/2022 21:34:13,N/A,N/A,11/11/2022 21:55:21
120,12,10,AP0058,Recently Updated,N/A,11/11/2022 20:31:08,N/A,N/A,11/11/2022 21:55:21
121,13,1,AP0110,Recently Updated,N/A,11/11/2022 21:35:51,N/A,N/A,11/11/2022 21:55:27
122,13,2,AP0064,Recently Updated,N/A,11/11/2022 21:34:34,N/A,N/A,11/11/2022 21:55:27
123,13,3,AP0162,Recently Updated,N/A,11/11/2022 21:34:42,N/A,N/A,11/11/2022 21:55:27
124,13,4,AP0201,Recently Updated,N/A,11/11/2022 21:34:51,N/A,N/A,11/11/2022 21:55:27
125,13,5,AP0095,Recently Updated,N/A,11/11/2022 21:34:58,N/A,N/A,11/11/2022 21:55:27
126,13,6,CA0048,Recently Updated,N/A,11/11/2022 21:35:06,N/A,N/A,11/11/2022 21:55:27
127,13,7,CO0019,Recently Updated,N/A,11/11/2022 21:35:14,N/A,N/A,11/11/2022 21:55:27
128,13,8,AP0206,Recently Updated,N/A,11/11/2022 21:35:22,N/A,N/A,11/11/2022 21:55:27
129,13,9,CA0038,Recently Updated,N/A,11/11/2022 21:35:29,N/A,N/A,11/11/2022 21:55:27
130,13,10,AP0112,Recently Updated,N/A,11/11/2022 21:35:37,N/A,N/A,11/11/2022 21:55:27
131,14,1,CA0009,Recently Updated,N/A,11/11/2022 21:37:22,N/A,N/A,11/11/2022 21:55:32
132,14,2,AP0111,Recently Updated,N/A,11/11/2022 21:35:59,N/A,N/A,11/11/2022 21:55:32
133,14,3,CA0008,Recently Updated,N/A,11/11/2022 21:36:07,N/A,N/A,11/11/2022 21:55:32
134,14,4,AP0177,Recently Updated,N/A,11/11/2022 21:36:18,N/A,N/A,11/11/2022 21:55:32
135,14,5,AP0175,Recently Updated,N/A,11/11/2022 21:36:29,N/A,N/A,11/11/2022 21:55:32
136,14,6,AP0203,Recently Updated,N/A,11/11/2022 21:36:36,N/A,N/A,11/11/2022 21:55:32
137,14,7,AP0202,Recently Updated,N/A,11/11/2022 21:36:44,N/A,N/A,11/11/2022 21:55:32
138,14,8,AP0143,Recently Updated,N/A,11/11/2022 21:36:53,N/A,N/A,11/11/2022 21:55:32
139,14,9,CA0046,Recently Updated,N/A,11/11/2022 21:37:00,N/A,N/A,11/11/2022 21:55:33
140,14,10,CO0020,Recently Updated,N/A,11/11/2022 21:37:10,N/A,N/A,11/11/2022 21:55:33
141,15,1,AP0188,Recently Updated,N/A,11/11/2022 21:38:56,N/A,N/A,11/11/2022 21:55:38
142,15,2,AP0089,Recently Updated,N/A,11/11/2022 21:37:30,N/A,N/A,11/11/2022 21:55:38
143,15,3,AP0189,Recently Updated,N/A,11/11/2022 21:37:41,N/A,N/A,11/11/2022 21:55:38
144,15,4,CA0031,Recently Updated,N/A,11/11/2022 21:37:55,N/A,N/A,11/11/2022 21:55:38
145,15,5,AP0065,Recently Updated,N/A,11/11/2022 21:38:03,N/A,N/A,11/11/2022 21:55:38
146,15,6,AP0127,Recently Updated,N/A,11/11/2022 21:38:11,N/A,N/A,11/11/2022 21:55:38
147,15,7,AP0048,Recently Updated,N/A,11/11/2022 21:38:17,N/A,N/A,11/11/2022 21:55:38
148,15,8,GD0003,Recently Updated,N/A,11/11/2022 21:38:25,N/A,N/A,11/11/2022 21:55:38
149,15,9,AP0078,Recently Updated,N/A,11/11/2022 21:38:33,N/A,N/A,11/11/2022 21:55:38
150,15,10,CA0013,Recently Updated,N/A,11/11/2022 21:38:41,N/A,N/A,11/11/2022 21:55:38
151,16,1,AP0132,Recently Updated,N/A,11/11/2022 21:40:20,N/A,N/A,11/11/2022 21:55:43
152,16,2,AP0079,Recently Updated,N/A,11/11/2022 21:39:04,N/A,N/A,11/11/2022 21:55:43
153,16,3,AP0083,Recently Updated,N/A,11/11/2022 21:39:12,N/A,N/A,11/11/2022 21:55:43
154,16,4,AP0134,Recently Updated,N/A,11/11/2022 21:39:20,N/A,N/A,11/11/2022 21:55:43
155,16,5,AP0036,Recently Updated,N/A,11/11/2022 21:39:28,N/A,N/A,11/11/2022 21:55:43
156,16,6,AP0101,Recently Updated,N/A,11/11/2022 21:39:35,N/A,N/A,11/11/2022 21:55:43
157,16,7,AP0075,Recently Updated,N/A,11/11/2022 21:39:43,N/A,N/A,11/11/2022 21:55:43
158,16,8,AP0087,Recently Updated,N/A,11/11/2022 21:39:51,N/A,N/A,11/11/2022 21:55:44
159,16,9,AP0028,Recently Updated,N/A,11/11/2022 21:39:59,N/A,N/A,11/11/2022 21:55:44
160,16,10,AP0044,Recently Updated,N/A,11/11/2022 21:40:07,N/A,N/A,11/11/2022 21:55:44
161,17,1,CA0020,Recently Updated,N/A,11/11/2022 21:43:51,N/A,N/A,11/11/2022 21:55:49
162,17,2,AP0123,Recently Updated,N/A,11/11/2022 21:40:29,N/A,N/A,11/11/2022 21:55:49
163,17,3,CO0002,Recently Updated,N/A,11/11/2022 21:40:38,N/A,N/A,11/11/2022 21:55:49
164,17,4,CO0008,Recently Updated,N/A,11/11/2022 21:40:47,N/A,N/A,11/11/2022 21:55:49
165,17,5,AP0200,Recently Updated,N/A,11/11/2022 21:49:43,N/A,N/A,11/11/2022 21:55:49
166,17,6,SO0001,Default Text Found,https://canalpro.grupozap.com/ZAP_OLX/0/listings/update/2567479234,10/11/2022 00:50:43,"Asset Imóveis vende casa com 3 dormitórios, sala, banheiro social, ampla cozinha, lavanderia, banheiro de serviço e área externa. A localização, no Largo da Batalha, é propícia para ponto comercial associado com moradia. Aceita financiamento imobiliário e FGTS. A Asset Imóveis tem convênio com os maiores Bancos do País para aprovação e condução do seu crédito imobiliário, sem custo pelo serviço. Vale conferir!","Asset Imóveis vende casa com 3 dormitórios, sala, banheiro social, ampla cozinha, lavanderia, banheiro de serviço e área externa. A localização, no Largo da Batalha, é propícia para ponto comercial associado com moradia. Aceita financiamento imobiliário e FGTS.  Vale conferir!",11/11/2022 21:55:56
167,17,7,AP0150,Recently Updated,N/A,11/11/2022 21:44:43,N/A,N/A,11/11/2022 21:55:56
168,17,8,AP0060,Recently Updated,N/A,11/11/2022 21:44:51,N/A,N/A,11/11/2022 21:55:56
169,17,9,AP0005,Recently Updated,N/A,11/11/2022 21:44:58,N/A,N/A,11/11/2022 21:55:56
170,17,10,CO0016,Recently Updated,N/A,11/11/2022 21:45:05,N/A,N/A,11/11/2022 21:55:56
171,18,1,CO0021,Recently Updated,N/A,11/11/2022 21:45:20,N/A,N/A,11/11/2022 21:56:01
172,18,2,AP0195,Recently Updated,N/A,11/11/2022 21:43:59,N/A,N/A,11/11/2022 21:56:01
173,18,3,CA0039,Recently Updated,N/A,11/11/2022 21:44:12,N/A,N/A,11/11/2022 21:56:01
174,18,4,AP0179,Recently Updated,N/A,11/11/2022 21:44:20,N/A,N/A,11/11/2022 21:56:01
175,18,5,AP0038,Recently Updated,N/A,11/11/2022 21:44:27,N/A,N/A,11/11/2022 21:56:01
176,18,6,SA0002,Recently Updated,N/A,11/11/2022 21:44:34,N/A,N/A,11/11/2022 21:56:01
177,18,7,AP0150,Recently Updated,N/A,11/11/2022 21:44:43,N/A,N/A,11/11/2022 21:56:01
178,18,8,AP0060,Recently Updated,N/A,11/11/2022 21:44:51,N/A,N/A,11/11/2022 21:56:01
179,18,9,AP0005,Recently Updated,N/A,11/11/2022 21:44:58,N/A,N/A,11/11/2022 21:56:01
180,18,10,CO0016,Recently Updated,N/A,11/11/2022 21:45:05,N/A,N/A,11/11/2022 21:56:01
181,19,1,CA0036,Recently Updated,N/A,11/11/2022 21:46:47,N/A,N/A,11/11/2022 21:56:07
182,19,2,AP0116,Recently Updated,N/A,11/11/2022 21:45:26,N/A,N/A,11/11/2022 21:56:07
183,19,3,AP0171,Recently Updated,N/A,11/11/2022 21:45:35,N/A,N/A,11/11/2022 21:56:07
184,19,4,GD0001,Recently Updated,N/A,11/11/2022 21:45:43,N/A,N/A,11/11/2022 21:56:07
185,19,5,AP0013,Recently Updated,N/A,11/11/2022 21:45:50,N/A,N/A,11/11/2022 21:56:07
186,19,6,CO0012,Recently Updated,N/A,11/11/2022 21:45:58,N/A,N/A,11/11/2022 21:56:07
187,19,7,AP0141,Recently Updated,N/A,11/11/2022 21:46:08,N/A,N/A,11/11/2022 21:56:07
188,19,8,AP0187,Recently Updated,N/A,11/11/2022 21:46:17,N/A,N/A,11/11/2022 21:56:07
189,19,9,CA0017,Recently Updated,N/A,11/11/2022 21:46:26,N/A,N/A,11/11/2022 21:56:07
190,19,10,CA0032,Recently Updated,N/A,11/11/2022 21:46:33,N/A,N/A,11/11/2022 21:56:07
191,20,1,AP0164,Recently Updated,N/A,11/11/2022 21:50:08,N/A,N/A,11/11/2022 21:56:12
192,20,2,CA0016,Default Text Found,https://canalpro.grupozap.com/ZAP_OLX/0/listings/update/2567480142,10/11/2022 00:53:01,"Asset imóveis vende especial Casa de 375m² de área construída, com 4 dormitórios no Condomínio Lírios do Campo IV, Niterói/RJ. O imóvel projetado por arquiteto de renome e construído com material de primeira linha, alizares de mármora, teto rebaixado em gesso com luminárias planejadas e cisterna para 15mil litros, apresenta: Primeiro pavimento - piscina em pastilha, com cascata e iluminação interna e externa, sauna com sala de repouso, churrasqueira, lavabo. Segundo pavimento - salão com 7 janelas em blindex, 1 quarto, banheiro social, cozinha com móveis planejados e 2 janelas em blindex, despensa com prateleiras em mármore, lavanderia, quarto de empregada e banheiro de serviço com entrada independente. Terceiro pavimento - área íntima da casa, composta por sala com terraço, banheiro social, 1 suíte com varandão e vista livre para o verde, closet, 1 quarto com varanda e armário, e o terceiro quarto. O Condomínio oferece churrasqueira, sauna, quadra poliesportiva, salão de festas, brinquedoteca, lago, além da segurança  da portaria 24h e circuito interno de TV. Aceita financiamento imobiliário e FGTS. A Asset Imóveis tem convênio com os maiores Bancos do País para aprovação e condução do seu crédito imobiliário, sem custo pelo serviço. Vale conferir !","Asset imóveis vende especial Casa de 375m² de área construída, com 4 dormitórios no Condomínio Lírios do Campo IV, Niterói/RJ. O imóvel projetado por arquiteto de renome e construído com material de primeira linha, alizares de mármora, teto rebaixado em gesso com luminárias planejadas e cisterna para 15mil litros, apresenta: Primeiro pavimento - piscina em pastilha, com cascata e iluminação interna e externa, sauna com sala de repouso, churrasqueira, lavabo. Segundo pavimento - salão com 7 janelas em blindex, 1 quarto, banheiro social, cozinha com móveis planejados e 2 janelas em blindex, despensa com prateleiras em mármore, lavanderia, quarto de empregada e banheiro de serviço com entrada independente. Terceiro pavimento - área íntima da casa, composta por sala com terraço, banheiro social, 1 suíte com varandão e vista livre para o verde, closet, 1 quarto com varanda e armário, e o terceiro quarto. O Condomínio oferece churrasqueira, sauna, quadra poliesportiva, salão de festas, brinquedoteca, lago, além da segurança  da portaria 24h e circuito interno de TV. Aceita financiamento imobiliário e FGTS.  Vale conferir !",11/11/2022 21:56:21
193,20,3,AP0185,Recently Updated,N/A,11/11/2022 21:50:24,N/A,N/A,11/11/2022 21:56:21
194,20,4,AP0154,Recently Updated,N/A,11/11/2022 21:50:32,N/A,N/A,11/11/2022 21:56:21
195,20,5,AP0137,Recently Updated,N/A,11/11/2022 21:50:41,N/A,N/A,11/11/2022 21:56:21
196,20,6,AP0144,Recently Updated,N/A,11/11/2022 21:50:48,N/A,N/A,11/11/2022 21:56:22
197,20,7,CA0022,Recently Updated,N/A,11/11/2022 21:50:56,N/A,N/A,11/11/2022 21:56:22
198,20,8,CO0013,Recently Updated,N/A,11/11/2022 21:51:04,N/A,N/A,11/11/2022 21:56:22
199,20,9,CA0003,Recently Updated,N/A,11/11/2022 21:51:11,N/A,N/A,11/11/2022 21:56:22
200,20,10,CA0021,Recently Updated,N/A,11/11/2022 21:51:18,N/A,N/A,11/11/2022 21:56:22
201,21,1,AP0190,Recently Updated,N/A,11/11/2022 21:51:33,N/A,N/A,11/11/2022 21:56:27
202,21,2,AP0094,Recently Updated,N/A,11/11/2022 21:50:16,N/A,N/A,11/11/2022 21:56:27
203,21,3,AP0185,Recently Updated,N/A,11/11/2022 21:50:24,N/A,N/A,11/11/2022 21:56:27
204,21,4,AP0154,Recently Updated,N/A,11/11/2022 21:50:32,N/A,N/A,11/11/2022 21:56:27
205,21,5,AP0137,Recently Updated,N/A,11/11/2022 21:50:41,N/A,N/A,11/11/2022 21:56:27
206,21,6,AP0144,Recently Updated,N/A,11/11/2022 21:50:48,N/A,N/A,11/11/2022 21:56:27
207,21,7,CA0022,Recently Updated,N/A,11/11/2022 21:50:56,N/A,N/A,11/11/2022 21:56:27
208,21,8,CO0013,Recently Updated,N/A,11/11/2022 21:51:04,N/A,N/A,11/11/2022 21:56:27
209,21,9,CA0003,Recently Updated,N/A,11/11/2022 21:51:11,N/A,N/A,11/11/2022 21:56:27
210,21,10,CA0021,Recently Updated,N/A,11/11/2022 21:51:18,N/A,N/A,11/11/2022 21:56:27
211,22,1,AP0190,Recently Updated,N/A,11/11/2022 21:51:33,N/A,N/A,11/11/2022 21:56:32
212,22,2,AP0094,Recently Updated,N/A,11/11/2022 21:50:16,N/A,N/A,11/11/2022 21:56:32
213,22,3,AP0185,Recently Updated,N/A,11/11/2022 21:50:24,N/A,N/A,11/11/2022 21:56:32
214,22,4,AP0154,Recently Updated,N/A,11/11/2022 21:50:32,N/A,N/A,11/11/2022 21:56:32
215,22,5,AP0137,Recently Updated,N/A,11/11/2022 21:50:41,N/A,N/A,11/11/2022 21:56:32
216,22,6,AP0144,Recently Updated,N/A,11/11/2022 21:50:48,N/A,N/A,11/11/2022 21:56:33
217,22,7,CA0022,Recently Updated,N/A,11/11/2022 21:50:56,N/A,N/A,11/11/2022 21:56:33
218,22,8,CO0013,Recently Updated,N/A,11/11/2022 21:51:04,N/A,N/A,11/11/2022 21:56:33
219,22,9,CA0003,Recently Updated,N/A,11/11/2022 21:51:11,N/A,N/A,11/11/2022 21:56:33
220,22,10,CA0021,Recently Updated,N/A,11/11/2022 21:51:18,N/A,N/A,11/11/2022 21:56:33
221,23,1,AP0039,Recently Updated,N/A,11/11/2022 21:52:59,N/A,N/A,11/11/2022 21:56:38
222,23,2,CA0015,Recently Updated,N/A,11/11/2022 21:51:41,N/A,N/A,11/11/2022 21:56:38
223,23,3,AP0032,Recently Updated,N/A,11/11/2022 21:51:48,N/A,N/A,11/11/2022 21:56:38
224,23,4,AP0108,Recently Updated,N/A,11/11/2022 21:51:57,N/A,N/A,11/11/2022 21:56:38
225,23,5,CA0043,Recently Updated,N/A,11/11/2022 21:52:04,N/A,N/A,11/11/2022 21:56:38
226,23,6,AP0041,Recently Updated,N/A,11/11/2022 21:52:11,N/A,N/A,11/11/2022 21:56:38
227,23,7,AP0176,Recently Updated,N/A,11/11/2022 21:52:20,N/A,N/A,11/11/2022 21:56:38
228,23,8,AP0191,Recently Updated,N/A,11/11/2022 21:52:30,N/A,N/A,11/11/2022 21:56:38
229,23,9,AP0181,Recently Updated,N/A,11/11/2022 21:52:39,N/A,N/A,11/11/2022 21:56:38
230,23,10,CA0026,Recently Updated,N/A,11/11/2022 21:52:46,N/A,N/A,11/11/2022 21:56:38
231,24,1,AP0180,Default Text Not Found,https://canalpro.grupozap.com/ZAP_OLX/0/listings/update/2567479854,08/11/2022 14:47:15,"Asset imóveis vende apartamento reformado, todo mobiliado, piso em porcelanato, silencioso, de fundos, Sol da manhã, vista parcial da Praia, com 2 dormitórios, sendo 1 suíte, sala, banheiro social, cozinha americana finamente decorada e mobiliada, área de serviço, lavanderia e quarto de empregada reversível para home office. O Condomínio, de frente para a Praia de Icaraí, oferece salão de festas, bicicletário, guarda volumes, além da segurança da portaria 24h e circuito interno de TV. A localização é privilegiada, na Praia de Icaraí, próximo a Comendador Queiroz, ao Restaurante Tenório e de todo tipo de comércio da rua Ator Paulo Gustavo(antiga Moreira César). Aceita financiamento imobiliário e FGTS.  Vale conferir !","Asset imóveis vende apartamento reformado, todo mobiliado, piso em porcelanato, silencioso, de fundos, Sol da manhã, vista parcial da Praia, com 2 dormitórios, sendo 1 suíte, sala, banheiro social, cozinha americana finamente decorada e mobiliada, área de serviço, lavanderia e quarto de empregada reversível para home office. O Condomínio, de frente para a Praia de Icaraí, oferece salão de festas, bicicletário, guarda volumes, além da segurança da portaria 24h e circuito interno de TV. A localização é privilegiada, na Praia de Icaraí, próximo a Comendador Queiroz, ao Restaurante Tenório e de todo tipo de comércio da rua Ator Paulo Gustavo(antiga Moreira César). Aceita financiamento imobiliário e FGTS.  Vale conferir ! A Asset Imóveis tem convênio com os maiores Bancos do País para aprovação e condução do seu crédito imobiliário, sem custo pelo serviço.",11/11/2022 21:56:51
232,24,2,AP0037,Default Text Not Found,https://canalpro.grupozap.com/ZAP_OLX/0/listings/update/2567479721,10/11/2022 00:58:32,"Asset Imóveis vende apartamento, 95m², Sol da manhã,  indevassado 2 quartos, Jardim Icaraí.  O imóvel apresenta 2 dormitórios, sendo 1 suíte, ampla sala em 2 ambientes (jantar e Tv), piso impecável, banheiros, hidráulica e elétrica reformados, cozinha montada, além de lavanderia, banheiro de serviço e despensa, além de 1 vaga de garagem na escritura. O condomínio oferece piscina para adulto e infantil, sauna, brinquedoteca, sala de jogos e de festas, além de grande área livre e com jardinagem. A localização é privilegiada, com todo tipo de escolas, comércio, fácil locomoção e os melhores bares e restaurantes de Niterói. Aceita financiamento imobiliário e FGTS.  Vale conferir !","Asset Imóveis vende apartamento, 95m², Sol da manhã,  indevassado 2 quartos, Jardim Icaraí.  O imóvel apresenta 2 dormitórios, sendo 1 suíte, ampla sala em 2 ambientes (jantar e Tv), piso impecável, banheiros, hidráulica e elétrica reformados, cozinha montada, além de lavanderia, banheiro de serviço e despensa, além de 1 vaga de garagem na escritura. O condomínio oferece piscina para adulto e infantil, sauna, brinquedoteca, sala de jogos e de festas, além de grande área livre e com jardinagem. A localização é privilegiada, com todo tipo de escolas, comércio, fácil locomoção e os melhores bares e restaurantes de Niterói. Aceita financiamento imobiliário e FGTS.  Vale conferir ! A Asset Imóveis tem convênio com os maiores Bancos do País para aprovação e condução do seu crédito imobiliário, sem custo pelo serviço.",11/11/2022 21:56:59
233,24,3,CA0035,Default Text Found,https://canalpro.grupozap.com/ZAP_OLX/0/listings/update/2567479720,10/11/2022 00:58:40,"Lançamento: Villa do Engenho Residencial O imóvel é distribuído em 3 quartos, área de lazer com cozinha gourmet, fechadura digital, fino acabamento. Casas em Condomínio, 110 m², Engenho do Mato - Itaipu, Niterói. Entrega:  Maio/2022 Preço   :  a partir de R$ 550.000 Aceita financiamento imobiliário e FGTS. Excelente acabamento, segurança, conforto e lazer, a 7 minutos das Praias de itaipu e Itacoatiara.  A Asset Imóveis tem convênio com os maiores Bancos do País para aprovação e condução do seu crédito imobiliário, sem custo pelo serviço. Vale conferir!","Lançamento: Villa do Engenho Residencial O imóvel é distribuído em 3 quartos, área de lazer com cozinha gourmet, fechadura digital, fino acabamento. Casas em Condomínio, 110 m², Engenho do Mato - Itaipu, Niterói. Entrega:  Maio/2022 Preço   :  a partir de R$ 550.000 Aceita financiamento imobiliário e FGTS. Excelente acabamento, segurança, conforto e lazer, a 7 minutos das Praias de itaipu e Itacoatiara.   Vale conferir!",11/11/2022 21:57:06
234,24,4,CA0011,Default Text Found,https://canalpro.grupozap.com/ZAP_OLX/0/listings/update/2567479961,10/11/2022 00:58:48,"Asset imóveis vende casa em condomínio, de 4 dormitórios, sendo 2 suítes, no Bairro Ecológico, Itaipu-Niteroi-RJ. O imóvel apresenta 4 quartos, sendo 2 suítes, sala com varanda, cozinha e dependência completa. Na área externa, edícula com fogão, pia e banheiro e espaço para churrasqueira, além de garagem. O Condomínio, com portaria eletrônica, oferece a segurança para os moradores. A localização permite fácil locomoção, pela proximidade com a Avenida Central,  fácil acesso a mercados e padarias e o charme do Bairro Ecológico de Itaipu. Aceita financiamento imobiliário e FGTS. A Asset Imóveis tem convênio com os maiores Bancos do País para aprovação e condução do seu crédito imobiliário, sem custo pelo serviço. Vale conferir ! Agende sua visita.","Asset imóveis vende casa em condomínio, de 4 dormitórios, sendo 2 suítes, no Bairro Ecológico, Itaipu-Niteroi-RJ. O imóvel apresenta 4 quartos, sendo 2 suítes, sala com varanda, cozinha e dependência completa. Na área externa, edícula com fogão, pia e banheiro e espaço para churrasqueira, além de garagem. O Condomínio, com portaria eletrônica, oferece a segurança para os moradores. A localização permite fácil locomoção, pela proximidade com a Avenida Central,  fácil acesso a mercados e padarias e o charme do Bairro Ecológico de Itaipu. Aceita financiamento imobiliário e FGTS.  Vale conferir ! Agende sua visita.",11/11/2022 21:57:13
235,24,5,AP0135,Default Text Not Found,https://canalpro.grupozap.com/ZAP_OLX/0/listings/update/2567479960,10/11/2022 00:58:56,"Asset imóveis vende especial apartamento em prédio novo, sol da manhã, silencioso, aquecimento de água à gás, de 3 dormitórios, sendo 1 suíte e closet, sala em 2 ambientes (estar e jantar), com varandão de 15m² e cortina de vidro, banheiro social, lavabo, cozinha com móveis planejados e lavanderia, além de 2 vagas de garagem na escritura. O Condomínio oferece piscina, sauna, spa, espaço gourmet, sala fitness, wi-fi, água de reúso, além da segurança da portaria 24h e circuito interno de TV. A localização é privilegiada, rua tranquila com fácil acesso a todo tipo de comércio, colégio, circuito gastronômico do jardim Icaraí e transporte coletivo. Aceita financiamento imobiliário e FGTS.  Vale conferir !","Asset imóveis vende especial apartamento em prédio novo, sol da manhã, silencioso, aquecimento de água à gás, de 3 dormitórios, sendo 1 suíte e closet, sala em 2 ambientes (estar e jantar), com varandão de 15m² e cortina de vidro, banheiro social, lavabo, cozinha com móveis planejados e lavanderia, além de 2 vagas de garagem na escritura. O Condomínio oferece piscina, sauna, spa, espaço gourmet, sala fitness, wi-fi, água de reúso, além da segurança da portaria 24h e circuito interno de TV. A localização é privilegiada, rua tranquila com fácil acesso a todo tipo de comércio, colégio, circuito gastronômico do jardim Icaraí e transporte coletivo. Aceita financiamento imobiliário e FGTS.  Vale conferir ! A Asset Imóveis tem convênio com os maiores Bancos do País para aprovação e condução do seu crédito imobiliário, sem custo pelo serviço.",11/11/2022 21:57:21
236,24,6,AP0081,Default Text Not Found,https://canalpro.grupozap.com/ZAP_OLX/0/listings/update/2567479718,10/11/2022 01:05:20,"Asset imóveis vende apartamento alto padrão, 113 m², Sol da manhã, vista livre,  indevassado, de 3 dormitórios com móveis planejados, , sendo 1 suíte, salão com varanda, lavabo, banheiro social, cozinha mobiliada, lavanderia, quarto de empregada e banheiro de serviço, além de 2 vagas de garagem na escritura. O elegante condomínio oferece piscina adulto e infantil, sauna, SPA, espaço gourmet, sala com brinquedos infantis, salão de jogos, academia e ambiente home office. A localização é privilegiada, no miolo de Icaraí, a poucos passos da Praia, do Campo de São Bento, melhores colégios, padarias, farmácias, mercados e todo tipo de comércio dos shoppings da rua Ator Paulo Gustavo(antiga Moreira César). Aceita financiamento imobiliário.  Vale conferir !","Asset imóveis vende apartamento alto padrão, 113 m², Sol da manhã, vista livre,  indevassado, de 3 dormitórios com móveis planejados, , sendo 1 suíte, salão com varanda, lavabo, banheiro social, cozinha mobiliada, lavanderia, quarto de empregada e banheiro de serviço, além de 2 vagas de garagem na escritura. O elegante condomínio oferece piscina adulto e infantil, sauna, SPA, espaço gourmet, sala com brinquedos infantis, salão de jogos, academia e ambiente home office. A localização é privilegiada, no miolo de Icaraí, a poucos passos da Praia, do Campo de São Bento, melhores colégios, padarias, farmácias, mercados e todo tipo de comércio dos shoppings da rua Ator Paulo Gustavo(antiga Moreira César). Aceita financiamento imobiliário.  Vale conferir ! A Asset Imóveis tem convênio com os maiores Bancos do País para aprovação e condução do seu crédito imobiliário, sem custo pelo serviço.",11/11/2022 21:57:30
237,24,7,CA0014,Default Text Not Found,https://canalpro.grupozap.com/ZAP_OLX/0/listings/update/2567479717,10/11/2022 00:59:12,"Asset imóveis vende ótima casa de 3 quartos, sendo 2 suítes no Bairro Argeu/Fazendinha - itaipu-Niterói-RJ. A casa de 230m2, construída em terreno de 450m2,  apresenta 3 quartos montados, sendo 2 suítes, closet, ampla sala, copa, cozinha planejada tipo americana, banheiro social e de serviço. A área externa oferece piscina, com parte rasa e parte funda, jacuzzi, churrasqueira, forno a lenha, jardim, solarium e garagem para 3 carros. A localização é privilegiada, no Argeu/Fazendinha, próxima ao Condomínio Ubá Fazendinha, da Avenida Central, com todo tipo de comércio e fácil mobilidade, além de acesso rápido às Praias de Itacoatiara e itaipu. Aceita financiamento imobiliário e FGTS.  Vale conferir !","Asset imóveis vende ótima casa de 3 quartos, sendo 2 suítes no Bairro Argeu/Fazendinha - itaipu-Niterói-RJ. A casa de 230m2, construída em terreno de 450m2,  apresenta 3 quartos montados, sendo 2 suítes, closet, ampla sala, copa, cozinha planejada tipo americana, banheiro social e de serviço. A área externa oferece piscina, com parte rasa e parte funda, jacuzzi, churrasqueira, forno a lenha, jardim, solarium e garagem para 3 carros. A localização é privilegiada, no Argeu/Fazendinha, próxima ao Condomínio Ubá Fazendinha, da Avenida Central, com todo tipo de comércio e fácil mobilidade, além de acesso rápido às Praias de Itacoatiara e itaipu. Aceita financiamento imobiliário e FGTS.  Vale conferir ! A Asset Imóveis tem convênio com os maiores Bancos do País para aprovação e condução do seu crédito imobiliário, sem custo pelo serviço.",11/11/2022 21:57:38
238,24,8,AP0145,Default Text Found,https://canalpro.grupozap.com/ZAP_OLX/0/listings/update/2567479716,10/11/2022 01:03:27,"Asset imóveis vende apartamento com 3 dormitórios, sendo 1 suíte, ampla sala, lavabo, cozinha montada, lavanderia, quarto de empregada e banheiro de serviço, além de 1 vaga de garagem na escritura. O Condomínio oferece a segurança da portaria 24h e circuito interno de TV. A localização é privilegiada, na primeira quadra da Praia, na tranquila rua Comendador Queiroz, com toda oferta de comércio e serviços da Ator Paulo Gustavo. Aceita financiamento imobiliário e FGTS. A Asset Imóveis tem convênio com os maiores Bancos do País para aprovação e condução do seu crédito imobiliário, sem custo pelo serviço. Vale conferir!","Asset imóveis vende apartamento com 3 dormitórios, sendo 1 suíte, ampla sala, lavabo, cozinha montada, lavanderia, quarto de empregada e banheiro de serviço, além de 1 vaga de garagem na escritura. O Condomínio oferece a segurança da portaria 24h e circuito interno de TV. A localização é privilegiada, na primeira quadra da Praia, na tranquila rua Comendador Queiroz, com toda oferta de comércio e serviços da Ator Paulo Gustavo. Aceita financiamento imobiliário e FGTS.  Vale conferir!",11/11/2022 21:57:45
239,24,9,AP0114,Default Text Found,https://canalpro.grupozap.com/ZAP_OLX/0/listings/update/2567480124,10/11/2022 01:04:32,"Asset imóveis vende especial apartamento, com projeto de arquiteto, marcenaria Todeschinni,  andar alto, vista livre, Sol da manhã, elevador privativo,  com 3 dormitórios com armários, sendo 1 suíte, ampla sala em 2 ambientes (estar e jantar), varanda, banheiro social, cozinha com móveis planejados, lavanderia, quarto de empregada e banheiro de serviço, além de 2 vagas de garagem na escritura. O Condomínio, de apenas 2 apartamentos por andar, oferece piscina(terminando reforma do deck), sauna, churrasqueira gourmet, play, salão de festas, além da segurança da portaria 24h e circuito interno de TV. A localização é privilegiada, com academia, farmácias, mercado, padaria, colégios, roteiro gastronômico do Jardim Icaraí e Campo de São Bento a poucos passos. Aceita financiamento imobiliário e FGTS. A Asset Imóveis tem convênio com os maiores Bancos do País para aprovação e condução do seu crédito imobiliário, sem custo pelo serviço. Vale conferir !","Asset imóveis vende especial apartamento, com projeto de arquiteto, marcenaria Todeschinni,  andar alto, vista livre, Sol da manhã, elevador privativo,  com 3 dormitórios com armários, sendo 1 suíte, ampla sala em 2 ambientes (estar e jantar), varanda, banheiro social, cozinha com móveis planejados, lavanderia, quarto de empregada e banheiro de serviço, além de 2 vagas de garagem na escritura. O Condomínio, de apenas 2 apartamentos por andar, oferece piscina(terminando reforma do deck), sauna, churrasqueira gourmet, play, salão de festas, além da segurança da portaria 24h e circuito interno de TV. A localização é privilegiada, com academia, farmácias, mercado, padaria, colégios, roteiro gastronômico do Jardim Icaraí e Campo de São Bento a poucos passos. Aceita financiamento imobiliário e FGTS.  Vale conferir !",11/11/2022 21:57:53
240,24,10,AP0030,Default Text Not Found,https://canalpro.grupozap.com/ZAP_OLX/0/listings/update/2567480512,10/11/2022 01:04:40,"Asset Imóveis vende especial apartamento na Edmundo March - Boa Viagem. O imóvel, de generosa planta, 125m², apresenta ampla sala, hall de entrada, 3 quartos com armários, sendo 1 suíte, cozinha planejada, área de serviço com lavanderia toda montada, quarto de empregada mobiliado, banheiro de serviço e garagem na escritura, registrando ainda o ótimo estado de conservação e a qualidade dos móveis. O condomínio oferece churrasqueira, freezer, bancada com pia e banheiro no terraço, além de linda vista.&lt;br&gt;A localização é privilegiada, na melhor rua da Boa Viagem - tranquila, arborizada, a poucos passos da Praia da Boa Viagem, MAC e UFF-Universidade Federal Fluminense, além de fácil acesso para Icaraí e Centro de Niterói. Aceita FGTS e financiamento imobiliário.  Vale conferir !","Asset Imóveis vende especial apartamento na Edmundo March - Boa Viagem. O imóvel, de generosa planta, 125m², apresenta ampla sala, hall de entrada, 3 quartos com armários, sendo 1 suíte, cozinha planejada, área de serviço com lavanderia toda montada, quarto de empregada mobiliado, banheiro de serviço e garagem na escritura, registrando ainda o ótimo estado de conservação e a qualidade dos móveis. O condomínio oferece churrasqueira, freezer, bancada com pia e banheiro no terraço, além de linda vista.&lt;br&gt;A localização é privilegiada, na melhor rua da Boa Viagem - tranquila, arborizada, a poucos passos da Praia da Boa Viagem, MAC e UFF-Universidade Federal Fluminense, além de fácil acesso para Icaraí e Centro de Niterói. Aceita FGTS e financiamento imobiliário.  Vale conferir ! A Asset Imóveis tem convênio com os maiores Bancos do País para aprovação e condução do seu crédito imobiliário, sem custo pelo serviço.",11/11/2022 21:58:01
241,25,1,CO0011,Default Text Not Found,https://canalpro.grupozap.com/ZAP_OLX/0/listings/update/2567480126,10/11/2022 00:58:24,"Asset imóveis vende Cobertura duplex , Sol da manhã, 130 m², vaga na escritura, com 3 dormitórios, distribuído da seguinte forma: 1º Pavimento - sala com varanda, 2 quartos com armários, banheiro social, cozinha montada, lavanderia, quarto empregada e banheiro de serviço. 2º Pavimento - sala, quarto suíte com armário e especial área externa. O Condomínio oferece salão de festas, portaria diurna, circuito interno de TV e portão automático para a garagem. A localização é privilegiada, próxima ao Clube Português,  de mercados, farmácias, padaria e bancos, além da Praia da Boa Viagem. Aceita financiamento imobiliário e FGTS.  Vale conferir !","Asset imóveis vende Cobertura duplex , Sol da manhã, 130 m², vaga na escritura, com 3 dormitórios, distribuído da seguinte forma: 1º Pavimento - sala com varanda, 2 quartos com armários, banheiro social, cozinha montada, lavanderia, quarto empregada e banheiro de serviço. 2º Pavimento - sala, quarto suíte com armário e especial área externa. O Condomínio oferece salão de festas, portaria diurna, circuito interno de TV e portão automático para a garagem. A localização é privilegiada, próxima ao Clube Português,  de mercados, farmácias, padaria e bancos, além da Praia da Boa Viagem. Aceita financiamento imobiliário e FGTS.  Vale conferir ! A Asset Imóveis tem convênio com os maiores Bancos do País para aprovação e condução do seu crédito imobiliário, sem custo pelo serviço.",11/11/2022 21:58:14
242,25,2,AP0124,Default Text Not Found,https://canalpro.grupozap.com/ZAP_OLX/0/listings/update/2567479959,10/11/2022 01:04:49,"Asset imóveis vende apartamento, Sol da manhã, andar alto, com 3 dormitórios, sendo 1 suíte/blindex, banheiro social com armário e blindex, sala com varanda, cozinha montada, lavanderia, além de 1 vaga de garagem na escritura. O Condomínio oferece piscina adulto e infantil, sauna, academia, pista de cooper, ciclovia, salão de festas, salão de jogos, brinquedoteca, bicicletário, além da segurança da portaria 24h e circuito interno de TV. A localização é privilegiada, ao lado do acesso da Ponte Rio-Niterói, do Centro da Cidade, com farmácia, supermercado, bancos e colégios próximos. Aceita financiamento imobiliário e FGTS.  Vale conferir !","Asset imóveis vende apartamento, Sol da manhã, andar alto, com 3 dormitórios, sendo 1 suíte/blindex, banheiro social com armário e blindex, sala com varanda, cozinha montada, lavanderia, além de 1 vaga de garagem na escritura. O Condomínio oferece piscina adulto e infantil, sauna, academia, pista de cooper, ciclovia, salão de festas, salão de jogos, brinquedoteca, bicicletário, além da segurança da portaria 24h e circuito interno de TV. A localização é privilegiada, ao lado do acesso da Ponte Rio-Niterói, do Centro da Cidade, com farmácia, supermercado, bancos e colégios próximos. Aceita financiamento imobiliário e FGTS.  Vale conferir ! A Asset Imóveis tem convênio com os maiores Bancos do País para aprovação e condução do seu crédito imobiliário, sem custo pelo serviço.",11/11/2022 21:58:21
243,25,3,AP0052,Default Text Found,https://canalpro.grupozap.com/ZAP_OLX/0/listings/update/2567479715,10/11/2022 01:05:04,"Asset imóveis vende apartamento, 2 quartos, varanda, vista livre, no Braga, Cabo Frio. O imóvel apresenta 2 quartos, sendo 1 suíte, banheiro social, ampla sala com varanda, cozinha e área de serviço, além de vaga na escritura. O Condomínio oferece circuito interno de TV e churrasqueira. A localização é privilegiada, a 400 metros da Praia das Dunas, 650 metros da Praia do Forte, próximo a hotéis, restaurantes e ao Supermercado Extra. Aceita financiamento imobiliário e FGTS. Estuda proposta. A Asset Imóveis tem convênio com os maiores Bancos do País para aprovação e condução do seu crédito imobiliário, sem custo pelo serviço. Vale conferir ! Agende sua visita.","Asset imóveis vende apartamento, 2 quartos, varanda, vista livre, no Braga, Cabo Frio. O imóvel apresenta 2 quartos, sendo 1 suíte, banheiro social, ampla sala com varanda, cozinha e área de serviço, além de vaga na escritura. O Condomínio oferece circuito interno de TV e churrasqueira. A localização é privilegiada, a 400 metros da Praia das Dunas, 650 metros da Praia do Forte, próximo a hotéis, restaurantes e ao Supermercado Extra. Aceita financiamento imobiliário e FGTS. Estuda proposta.  Vale conferir ! Agende sua visita.",11/11/2022 21:58:28
244,25,4,CA0002,Default Text Found,https://canalpro.grupozap.com/ZAP_OLX/0/listings/update/2567479714,10/11/2022 01:05:12,"Ótima casa em condomínio na região oceânica de Niterói, com 3 quartos, sendo um suíte; ampla sala toda montada (inclusive com bar), e cozinha com armários. Localização privilegiada, em condomínio tranquilo, com todo o comércio, facilidade de locomoção e proximidade às Praias de Itacoatiara e Itaipu. A área de lazer conta com piscina, sauna, churrasqueira e banheiro. Aceita financiamento imobiliário e FGTS, e estuda permuta com apartamento de 3 quartos em Icaraí. A Asset Imóveis tem convênio com os maiores Bancos do País para aprovação e condução do seu crédito imobiliário, sem custo pelo serviço. Vale conferir! Agende sua visita.","Ótima casa em condomínio na região oceânica de Niterói, com 3 quartos, sendo um suíte; ampla sala toda montada (inclusive com bar), e cozinha com armários. Localização privilegiada, em condomínio tranquilo, com todo o comércio, facilidade de locomoção e proximidade às Praias de Itacoatiara e Itaipu. A área de lazer conta com piscina, sauna, churrasqueira e banheiro. Aceita financiamento imobiliário e FGTS, e estuda permuta com apartamento de 3 quartos em Icaraí.  Vale conferir! Agende sua visita.",11/11/2022 21:58:36
245,25,5,AP0086,Default Text Found,https://canalpro.grupozap.com/ZAP_OLX/0/listings/update/2567479713,07/11/2022 16:46:48,"Asset imóveis vende apartamento de 170m², na Ator Paulo Gustavo, Sol da manhã, vista livre. O apartamento apresenta 4 dormitórios montados, sendo 1 suíte, salão de mais de 40m², sala de jantar, banheiro social, cozinha com armários, lavanderia, quarto de empregada e banheiro de serviço, além de 1 vaga de garagem na escritura. O Condomínio oferece salão de festas, play, espaço generoso ao ar livre de frente para a Ator Paulo Gustavo. A localização é privilegiada, na área mais nobre da Rua Ator Paulo Gustavo(entre Otávio Carneiro e Belisário Augusto), a poucos passos da Praia de Icaraí, dos melhores shoppings do bairro e principais colégios. Estuda permuta com apartamento em Piratininga. Aceita financiamento imobiliário e FGTS. A Asset Imóveis tem convênio com os maiores Bancos do País para aprovação e condução do seu crédito imobiliário, sem custo pelo serviço. Vale conferir !","Asset imóveis vende apartamento de 170m², na Ator Paulo Gustavo, Sol da manhã, vista livre. O apartamento apresenta 4 dormitórios montados, sendo 1 suíte, salão de mais de 40m², sala de jantar, banheiro social, cozinha com armários, lavanderia, quarto de empregada e banheiro de serviço, além de 1 vaga de garagem na escritura. O Condomínio oferece salão de festas, play, espaço generoso ao ar livre de frente para a Ator Paulo Gustavo. A localização é privilegiada, na área mais nobre da Rua Ator Paulo Gustavo(entre Otávio Carneiro e Belisário Augusto), a poucos passos da Praia de Icaraí, dos melhores shoppings do bairro e principais colégios. Estuda permuta com apartamento em Piratininga. Aceita financiamento imobiliário e FGTS.  Vale conferir !",11/11/2022 21:58:43
246,25,6,SA0003,Default Text Not Found,https://canalpro.grupozap.com/ZAP_OLX/0/listings/update/2567477082,10/11/2022 01:05:28,"Asset Imóveis vende ótimo conjunto de 3 salas comerciais, com generosa planta de 140 m², toda área com armários planejados e split,  localizada no Condomínio do Edifício Comercial Saint Germain, Centro, Niterói-RJ. A ampla sala montada em dois ambientes, sendo  um com recepção, lavabo,  dois amplos consultórios, sala de esterilização, sala de prótese e área do compressor, e o segundo ambiente, com recepção, lavabo, sala de curso/treinamento e área para coffee break. A localização é privilegiada, sendo ponto central para atendimento de potenciais clientes de toda a Cidade Niterói,  São Gonçalo e Centro do Rio, próxima ao Plaza Shopping, Niterói Shopping, Barcas, Bancos, todo o tipo de comércio, além de bares e restaurantes.  Vale conferir ! Agende sua visita.","Asset Imóveis vende ótimo conjunto de 3 salas comerciais, com generosa planta de 140 m², toda área com armários planejados e split,  localizada no Condomínio do Edifício Comercial Saint Germain, Centro, Niterói-RJ. A ampla sala montada em dois ambientes, sendo  um com recepção, lavabo,  dois amplos consultórios, sala de esterilização, sala de prótese e área do compressor, e o segundo ambiente, com recepção, lavabo, sala de curso/treinamento e área para coffee break. A localização é privilegiada, sendo ponto central para atendimento de potenciais clientes de toda a Cidade Niterói,  São Gonçalo e Centro do Rio, próxima ao Plaza Shopping, Niterói Shopping, Barcas, Bancos, todo o tipo de comércio, além de bares e restaurantes.  Vale conferir ! Agende sua visita. A Asset Imóveis tem convênio com os maiores Bancos do País para aprovação e condução do seu crédito imobiliário, sem custo pelo serviço.",11/11/2022 21:58:52
247,25,7,AP0050,Default Text Not Found,https://canalpro.grupozap.com/ZAP_OLX/0/listings/update/2565665065,10/11/2022 01:05:37,"Asset imóveis vende 3 quartos, sendo 1 com suíte e varanda e vista parcial para Praia de Icaraí.  O imóvel apresenta ampla sala com 2 ambientes, varanda, 3 quartos, sendo 2 com armários, 1 suíte, banheiro social, cozinha montada para toda a família, lavanderia, quarto de empregada e banheiro de serviço, além de vaga de garagem na escritura. O condomínio oferece 2 piscinas, adulto e infantil, sauna, churrasqueira, salão de festas e jogos.  Vale conferir !","Asset imóveis vende 3 quartos, sendo 1 com suíte e varanda e vista parcial para Praia de Icaraí.  O imóvel apresenta ampla sala com 2 ambientes, varanda, 3 quartos, sendo 2 com armários, 1 suíte, banheiro social, cozinha montada para toda a família, lavanderia, quarto de empregada e banheiro de serviço, além de vaga de garagem na escritura. O condomínio oferece 2 piscinas, adulto e infantil, sauna, churrasqueira, salão de festas e jogos.  Vale conferir ! A Asset Imóveis tem convênio com os maiores Bancos do País para aprovação e condução do seu crédito imobiliário, sem custo pelo serviço.",11/11/2022 21:58:59
